Name,Path,Industry,Num Of Founders,Status,MasterPhD 
"Digital Twin—IoT and Soil-Crop Imaging, a Robust smart Farming Solution",The LAUNCHER,"Agritech,AI/ML,IOT,Private",2.0,Introduced,checked
Caseo,The KICKSTARTER,Mobile,2.0,Introduced,Undergraduate
WormWorks,The KICKSTARTER,Agritech,1.0,First Meeting,Undergraduate
Meeting Point,The LAUNCHER,Automotive,3.0,Introduced,Undergraduate
AeroAid,The LAUNCHER,"Mobile,Automotive,Rescue",3.0,First Meeting,Undergraduate
We Power Energy Company,The KICKSTARTER,"Energy,Mobile,Marketplace,Health,Education,Real Estate",2.0,Introduced,Undergraduate
Blabber,The LAUNCHER,Education,2.0,First Meeting,checked
Lamed,The KICKSTARTER,Student,1.0,Introduced,Undergraduate
Dsee,The LAUNCHER,"HealthCare,Health",6.0,Introduced,checked
VisualDiff,The KICKSTARTER,"AI/ML,Saas,Media",2.0,Introduced,Undergraduate
ZamFresh Poultry Farm,The KICKSTARTER,"Agritech,Marketplace,Education,Health",1.0,Opted Out,Undergraduate
Zeide Roma Solutions Ltd.,The LAUNCHER,"AI/ML,Legal",1.0,Introduced,checked
BDVTrading,The KICKSTARTER,"Gaming,Marketplace",2.0,First Meeting,Undergraduate
Torli,The KICKSTARTER,Retail,1.0,Application,Undergraduate
Classmate,The LAUNCHER,Education,2.0,First Meeting,Undergraduate
Chess like mobile game for children,The KICKSTARTER,"Gaming,Mobile",1.0,First Meeting,Undergraduate
F.B Diamond,The KICKSTARTER,Marketplace,2.0,Introduced,Undergraduate
"An AI platform that is trained on the data of the MAYA website and the SEC website, the platform will process information from financial statements of public companies for analysts and portfolio managers who work for stock exchange members, insurance companies, banks and brokerages. The bot will know how to answer any question about which there is information from the public reports published by the company and will also know how to indicate a reference to the source of the information from which it extracted it. The platform as a final product will be presented to the user on the desktop as his personal bot and he can ask him any question he wants instead of digging and looking for hours for the necessary information in the financial report.",The KICKSTARTER,Fintech,1.0,Introduced,Undergraduate
Anti attack drones,The LAUNCHER,Defense,1.0,First Meeting,Undergraduate
NFThrone,The LAUNCHER,Blockchain,1.0,First Meeting,Undergraduate
CommuniPass,The LAUNCHER,"Fintech,AI/ML,Saas",2.0,First Meeting,checked
Smart Appointment Management System - Dynamic and Automated Appointment Scheduling,The KICKSTARTER,"HealthCare,Health",1.0,First Meeting,Undergraduate
cepo,The LAUNCHER,Fintech,1.0,First Meeting,Undergraduate
ספרותא,The KICKSTARTER,Ebooks,1.0,First Meeting,Undergraduate
IDMA Commerce,The LAUNCHER,Retail,2.0,First Meeting,Undergraduate
Apartments App,The KICKSTARTER,"Mobile,Real Estate",3.0,Application,Undergraduate
Eroom,The LAUNCHER,"Saas,Education,Mobile",2.0,First Meeting,Undergraduate
"Automato system , startup : AgriTech Innovations",The LAUNCHER,Agritech,5.0,Application,checked
suppliers,The KICKSTARTER,"Marketplace,Saas",1.0,Application,Undergraduate
Eroom,The KICKSTARTER,"Education,Saas,Mobile",2.0,First Meeting,Undergraduate
Algo-Rhythm,The KICKSTARTER,AI/ML,4.0,First Meeting,Undergraduate
Blabber,The LAUNCHER,"Saas,Mobile,Education,AI/ML",2.0,IC But Not Invested,checked
Cyclelytics,The LAUNCHER,"HealthCare,AI/ML",1.0,Application,checked
Orbital Pixies,The KICKSTARTER,Space,1.0,First Meeting,Undergraduate
עדיין אין שם,The KICKSTARTER,Health,1.0,First Meeting,Undergraduate
HelmHat,The KICKSTARTER,Safety clothing,1.0,First Meeting,Undergraduate
ISRBILLS,The KICKSTARTER,Financial,1.0,Application,Undergraduate
Diabetes fragility Detector,The KICKSTARTER,"Health,AI/ML",3.0,Application,Undergraduate
Parking Finder App,The KICKSTARTER,"AI/ML,Automotive",1.0,Application,Undergraduate
EIO,The LAUNCHER,"AI/ML,Cyber,Mobile,Security",3.0,First Meeting,Undergraduate
StepAhead,The LAUNCHER,HealthCare,6.0,Introduced,Undergraduate
ForestShield,The KICKSTARTER,Environmental,4.0,First Meeting,Undergraduate
Cytox,The LAUNCHER,"Cyber,HealthCare,Cyber Biosecurity",2.0,First Meeting,checked
ThetaFlow,The LAUNCHER,"HealthCare,Health",1.0,First Meeting,Undergraduate
Green Home Fresher,The LAUNCHER,"Agritech,AI/ML,IOT",2.0,First Meeting,checked
Simplan,The LAUNCHER,Saas,2.0,First Meeting,Undergraduate
Scoot-Walker,The LAUNCHER,"Automotive,HealthCare,Health,rehabilitation",2.0,First Meeting,Undergraduate
Quick consume,The KICKSTARTER,Retail,1.0,Opted Out,Undergraduate
Cleaner,The KICKSTARTER,Health,1.0,First Meeting,Undergraduate
A trip generator. That can offer you a full trip recommendations based on your preference and ai tools,The KICKSTARTER,AI/ML,1.0,Application,Undergraduate
AllerBite,The KICKSTARTER,Health,5.0,First Meeting,Undergraduate
down2earth,The KICKSTARTER,Marketplace,2.0,Introduced,Undergraduate
RightTrack,The KICKSTARTER,Fintech,4.0,Application,Undergraduate
Face2Face,The KICKSTARTER,"Mobile,Non profit,Government,Education",1.0,First Meeting,Undergraduate
Social Order,The LAUNCHER,"AI/ML,Saas,Mobile",3.0,First Meeting,checked
JobU,The KICKSTARTER,"Mobile,job market",2.0,Application,Undergraduate
Friendly - AI-powered matching system that connects nearby city moms based on needs and proximity,The LAUNCHER,"AI/ML,Mobile,Saas,Social networks",2.0,IC But Not Invested,checked
Airtlas,The KICKSTARTER,Health,5.0,Introduced,Undergraduate
workout form correction,The KICKSTARTER,"AI/ML,Health,HealthCare,sports",1.0,Introduced,Undergraduate
PLAIBOOK,The KICKSTARTER,"AI/ML,football",2.0,Live Pitch Event,Undergraduate
Fake News finder  app/web,The KICKSTARTER,"Mobile,Cyber,AI/ML",3.0,First Meeting,Undergraduate
A SLEEP-AID FORMULATION COMPRISING IMMEDIATE RELEASE AND DELAYED- RELEASE COMPOSITIONS;,The LAUNCHER,"Health,HealthCare,Biotech",2.0,First Meeting,checked
MaWay,The LAUNCHER,"AI/ML,Mobile,Marketplace,Travel Tech",1.0,IC But Not Invested,Undergraduate
מכונית מתנגשת כתחליף לרגילה למניעת תאונות,The KICKSTARTER,מסעדה,1.0,Opted Out,Undergraduate
BizBloom,The LAUNCHER,Saas,2.0,First Meeting,Undergraduate
StudentWear,The KICKSTARTER,Retail,1.0,First Meeting,Undergraduate
PAOZA,The LAUNCHER,Energy,4.0,Introduced,Undergraduate
Shalev,The LAUNCHER,"Health,Non profit,Government,HealthCare",1.0,First Meeting,checked
EduTAllor,The KICKSTARTER,"Saas,Education,AI/ML",2.0,First Meeting,Undergraduate
E.C.H.O,The KICKSTARTER,"Marketplace,Mobile,AI/ML",2.0,First Meeting,Undergraduate
TicketMarket,The LAUNCHER,Mobile,1.0,First Meeting,Undergraduate
avocadobox,The KICKSTARTER,Agritech,1.0,Introduced,Undergraduate
getlose,The KICKSTARTER,Gaming,3.0,Introduced,Undergraduate
Acneowledge,The KICKSTARTER,"HealthCare,Health,AI/ML",2.0,Introduced,Undergraduate
Tipsy King,The LAUNCHER,"Gaming,Retail,Mobile",2.0,Introduced,Undergraduate
CHECKISTHEBEST,The LAUNCHER,Energy,2.0,Application,Undergraduate
DFCHECK,The KICKSTARTER,HealthCare,2.0,Application,Undergraduate
WiseWatch,The LAUNCHER,"Agritech,Saas",3.0,IC But Not Invested,checked
THERAPEUTICAI,The LAUNCHER,Health,3.0,First Meeting,checked
Whilx,The LAUNCHER,"Saas,Energy,Automotive",3.0,Denied,Undergraduate
Sympato,The LAUNCHER,"AI/ML,IOT,Health,HealthCare",1.0,Denied,checked
DeliGate,The LAUNCHER,"Health,Digital Health",3.0,IC But Not Invested,checked
תנועת ההתיישבות בנגב המערבי,The LAUNCHER,"Agritech,Government,Non profit",6.0,Denied,Undergraduate
Cutt,The LAUNCHER,"Energy,AI/ML,Mobile,Finance",2.0,IC But Not Invested,checked
Groupi,The LAUNCHER,Mobile,1.0,Denied,checked
Park king,The KICKSTARTER,"Government,Parkings",1.0,Denied,Undergraduate
Companionship Quest \ Friendship,The LAUNCHER,"Mobile,dating",1.0,Opted Out,Undergraduate
safetour,The KICKSTARTER,tourism platforms,1.0,Live Pitch Event,Undergraduate
Click,The LAUNCHER,Mobile,2.0,Denied,Undergraduate
WOXYGEN,The LAUNCHER,HealthCare,5.0,Denied,Undergraduate
Giraffe,The LAUNCHER,Engineering,1.0,Denied,checked
Jiv,The KICKSTARTER,Online services,2.0,Denied,Undergraduate
TalentFlow,The LAUNCHER,"Saas,HRtech",3.0,IC But Not Invested,checked
Amegegnehu,The KICKSTARTER,"Cyber,Non profit,Agritech",1.0,Opted Out,Undergraduate
Plant-Sitter,The KICKSTARTER,Agritech,3.0,Denied,Undergraduate
ANY,The KICKSTARTER,"Education,Mobile,Lifestyle",3.0,Opted Out,Undergraduate
HealthSync - Personalized Health Monitoring,The KICKSTARTER,"Mobile,AI/ML",1.0,Denied,Undergraduate
Ventim,The KICKSTARTER,Saas,2.0,Denied,Undergraduate
Toilet cleaner,The KICKSTARTER,"Marketplace,IOT",1.0,Opted Out,Undergraduate
Charge4car,The KICKSTARTER,Automotive,3.0,Opted Out,Undergraduate
The DocMapper,The KICKSTARTER,"Education,Legal,Government,Non profit,Health,Documetation",3.0,Denied,Undergraduate
פטריוֹת בריאוּת,The LAUNCHER,"Health,HealthCare",2.0,Denied,checked
Shifty,The LAUNCHER,Saas,4.0,Denied,Undergraduate
AI traveling agent,The KICKSTARTER,AI/ML,2.0,Opted Out,Undergraduate
youth connectube,The KICKSTARTER,"Health,Mobile,Non profit,Education",1.0,Denied,Undergraduate
Infolin,The KICKSTARTER,"Health,HealthCare,IOT,AI/ML",3.0,Invested,Undergraduate
HairU,The KICKSTARTER,"Marketplace,HealthCare",2.0,Denied,Undergraduate
bioreactor optimization,The KICKSTARTER,"HealthCare,AI/ML,Energy,Health,Agritech",2.0,Live Pitch Event,Undergraduate
Third eye,The IMPACT,Military,2.0,Denied,Undergraduate
 AI Chatbot Assistant,The KICKSTARTER,AI/ML,1.0,Opted Out,Undergraduate
Double date app,The KICKSTARTER,Mobile,2.0,Denied,Undergraduate
Toilet seat lifter,The KICKSTARTER,HealthCare,2.0,Opted Out,Undergraduate
ghostwrite ai,The LAUNCHER,Saas,2.0,Invested,Undergraduate
Groops,The KICKSTARTER,"Mobile,Marketplace,Saas",1.0,Opted Out,Undergraduate
Bang your head,The KICKSTARTER,Mobile,2.0,Opted Out,Undergraduate
sandra,The LAUNCHER,"HealthCare,AI/ML",3.0,Not 50% BGU,Undergraduate
3D4Israel,The IMPACT,Weapon Industry,1.0,Invested,Undergraduate
Mingle-pool,The LAUNCHER,Matchmaking & Dating,1.0,Denied,checked
Sobiter,The LAUNCHER,"HealthCare,Saas,AI/ML,AI",1.0,Denied,checked
sensors box,The KICKSTARTER,sensors,1.0,Opted Out,Undergraduate
MingleMarkets,The KICKSTARTER,"Retail,Marketplace,Saas",1.0,Denied,Undergraduate
MapIt,The LAUNCHER,"Education,Business software",1.0,Not 50% BGU,Undergraduate
Liquid360,The LAUNCHER,"AR/VR,Security",2.0,Not 50% BGU,checked
Rescue,The IMPACT,"Health,Non profit",2.0,Invested,Undergraduate
DIP,The KICKSTARTER,HealthCare,1.0,Invested,Undergraduate
Driftext,The LAUNCHER,"Education,AI/ML,Saas",1.0,Not 50% BGU,Undergraduate
ECHO,The KICKSTARTER,Dating app,2.0,Denied,Undergraduate
IdeaCenter,The KICKSTARTER,Renewal,1.0,Denied,Undergraduate
Customized Podcast,The KICKSTARTER,"Education,Mobile,Retail",3.0,Live Pitch Event,Undergraduate
Bonobo,The KICKSTARTER,AI/ML,2.0,Denied,Undergraduate
BSO,The LAUNCHER,Cyber,3.0,Opted Out,checked
real,The LAUNCHER,"Real Estate,Mobile,AI/ML",1.0,Denied,checked
DFCheck2,The KICKSTARTER,Retail,1.0,Application,Undergraduate
KICK,The KICKSTARTER,Automotive,1.0,Application,Undergraduate
ImpactNow,The IMPACT,Blockchain,1.0,Application,Undergraduate
Desite,The LAUNCHER,"Health,AI/ML,HealthCare",4.0,IC But Not Invested,checked
Athena,The LAUNCHER,"Saas,Marketplace",3.0,Opted Out,checked
Enty,The LAUNCHER,"Fintech,Marketplace",1.0,Invested,Undergraduate
TripTip,The LAUNCHER,"Government,Tourism",4.0,Live Pitch Event,checked
CommonSense,The LAUNCHER,"Mobile,Health,HealthCare,Communication",3.0,Denied,Undergraduate
ChikChat,The KICKSTARTER,"AI/ML,Mobile,Automotive",2.0,Opted Out,Undergraduate
Merom,The LAUNCHER,"Marketplace,Mobile,AI/ML",3.0,Opted Out,checked
Roommate,The LAUNCHER,"Real Estate,Marketplace,Mobile",1.0,Denied,Undergraduate
ECHO,The KICKSTARTER,"Mobile,Dating app",2.0,Denied,Undergraduate
BASKET-AI,The KICKSTARTER,Gaming,1.0,Application,Undergraduate
ChatPDFbASKETBALL,The LAUNCHER,Non profit,2.0,Application,Undergraduate
BASKETBALL LEBRON JAMES 23,The KICKSTARTER,Government,2.0,Application,Undergraduate
i.vus,The KICKSTARTER,HealthCare,2.0,Invested,Undergraduate
ElectriWall,The LAUNCHER,Energy,2.0,Denied,checked
An Implanted Syringe,The LAUNCHER,Health,3.0,Denied,checked
Dive log app,The LAUNCHER,Sports app,2.0,Denied,Undergraduate
i - Therapy,The KICKSTARTER,"AR/VR,HealthCare",1.0,Denied,Undergraduate
Thunder.Health,The KICKSTARTER,"Health,HealthCare",1.0,Denied,Undergraduate
Mommy,The KICKSTARTER,"Saas,Social",2.0,Opted Out,Undergraduate
SecondFirst,The LAUNCHER,"Marketplace,Community",1.0,Denied,Undergraduate
Louder,The KICKSTARTER,Women’s safety,3.0,Opted Out,Undergraduate
attachable modular wheelchair accessories,The KICKSTARTER,Health,1.0,Live Pitch Event,Undergraduate
Smart refrige,The KICKSTARTER,"AI/ML,IOT,Retail",1.0,Denied,Undergraduate
Breaking Boundaries,The LAUNCHER,"Non profit,Education,HealthCare,Health",1.0,Denied,Undergraduate
manager,The KICKSTARTER,"Health,Education,Mobile",1.0,Denied,Undergraduate
Smart home supply management and monitoring,The KICKSTARTER,Private teachers,1.0,Denied,Undergraduate
Groupi,The LAUNCHER,"Mobile,Social",1.0,Denied,checked
MilliCare,The KICKSTARTER,HealthCare,4.0,Live Pitch Event,Undergraduate
Implanted Syringe,The LAUNCHER,Health,3.0,Denied,checked
a web platform dedicated to podcasts,The KICKSTARTER,Web App,1.0,Denied,Undergraduate
ShoppyFit,The LAUNCHER,"AI/ML,Retail,Saas",2.0,Opted Out,Undergraduate
Sensora,The KICKSTARTER,"HealthCare,AI/ML",4.0,Denied,Undergraduate
Application for reporting available parking spaces,The KICKSTARTER,Mobile,1.0,Opted Out,Undergraduate
TALENTIT,The KICKSTARTER,"Marketplace,Saas,Mobile",1.0,Denied,Undergraduate
no final name currently,The KICKSTARTER,"Education,group fascilitation",1.0,Denied,Undergraduate
MagneTube (a medical products),The LAUNCHER,HealthCare,4.0,IC But Not Invested,Undergraduate
Partya,The KICKSTARTER,Events,1.0,Denied,Undergraduate
איפה אפי,The KICKSTARTER,"Health,HealthCare",1.0,Denied,Undergraduate
automatic judge,The KICKSTARTER,"AI/ML,Saas",2.0,Denied,Undergraduate
Pop Star,The KICKSTARTER,"Energy,HealthCare,recycling Industrial",2.0,Opted Out,Undergraduate
vacation planner based on AI,The KICKSTARTER,"Saas,Government,Education",2.0,Denied,Undergraduate
Hear Clear,The LAUNCHER,"AI/ML,SW Eng",2.0,IC But Not Invested,checked
GlaucoMonitor,The LAUNCHER,"HealthCare,AI/ML,Health",2.0,Opted Out,checked
Aspectral,The KICKSTARTER,"AI/ML,Agritech",1.0,Denied,Undergraduate
Remora,The KICKSTARTER,"AI/ML,Saas,Autodesk BIM 360,Construction industry,Revit",5.0,Denied,Undergraduate
Mashcantas,The KICKSTARTER,Fintech,3.0,Denied,Undergraduate
BuildShield,The KICKSTARTER,"Marketplace,Saas,Government,Mobile,Real Estate",1.0,Denied,Undergraduate
Dit by nosolo,The KICKSTARTER,Time managment,4.0,Denied,Undergraduate
Acoustic Device,The LAUNCHER,"AI/ML,Electronics",2.0,Opted Out,Undergraduate
workit,The KICKSTARTER,"Marketplace,workspaces",4.0,Denied,Undergraduate
Cpp,The KICKSTARTER,Health,1.0,Denied,Undergraduate
Enty,The KICKSTARTER,Fintech,1.0,Live Pitch Event,Undergraduate
The Priest,The KICKSTARTER,"Education,AI/ML",1.0,Denied,Undergraduate
Miss Moving On,The LAUNCHER,"Mobile,Mental Health",2.0,Denied,Undergraduate
Coddy,The LAUNCHER,"Saas,Education",3.0,IC But Not Invested,Undergraduate
Goaly,The LAUNCHER,"AI/ML,Mobile",2.0,Denied,Undergraduate
Avatar Bill,The KICKSTARTER,"Energy,IOT,Fintech,Real Estate",4.0,Invested,Undergraduate
A system for monitoring and analyzing people's profiles for psychological treatment appropriate to their data,The KICKSTARTER,Currently student,1.0,Opted Out,Undergraduate
לפתור את בעיית ההתמכרות בכל סוג,The KICKSTARTER,Marketplace,1.0,Denied,Undergraduate
foodata,The KICKSTARTER,"Saas,supply chain",4.0,Denied,Undergraduate
Amenoti,The KICKSTARTER,"Saas,Health,HealthCare,Fitness",2.0,Denied,Undergraduate
soilio,The KICKSTARTER,construction,4.0,Denied,Undergraduate
BizBloom,The KICKSTARTER,"Saas,Fintech",2.0,Live Pitch Event,Undergraduate
Lebsh,The KICKSTARTER,"Retail,Marketplace,Empowering women",1.0,Denied,Undergraduate
smart basketball,The KICKSTARTER,IOT,1.0,Opted Out,Undergraduate
SocialOrder,The KICKSTARTER,"AI/ML,Health,HealthCare,Mobile",1.0,Introduced,Undergraduate
Lifesaver Bracelet ,The KICKSTARTER,"Health,HealthCare",1.0,Denied,Undergraduate
MyceliaWay,The KICKSTARTER,FoodTech,2.0,Opted Out,Undergraduate
Kasset,The KICKSTARTER,Music industry,2.0,Opted Out,Undergraduate
SwapIt,The KICKSTARTER,Retail,1.0,Live Pitch Event,Undergraduate
TeachMe,The KICKSTARTER,"Education,Information systems",1.0,Denied,Undergraduate
Application to sell clothes secondhand (all over Israel),The KICKSTARTER,Mobile,2.0,Opted Out,Undergraduate
ChangeIT,The KICKSTARTER,"Mobile,Marketplace",1.0,Live Pitch Event,Undergraduate
toqa,The KICKSTARTER,beauty,1.0,Opted Out,Undergraduate
IntelliTennis,The KICKSTARTER,"IOT,AI/ML,Sports",2.0,Invested,Undergraduate
Indonesia Israel Center,The KICKSTARTER,"Education,Non profit",3.0,Opted Out,Undergraduate
ZENAT,The LAUNCHER,"Marketplace,Saas",2.0,Opted Out,Undergraduate
Sentimedia.io,The LAUNCHER,Fintech,2.0,Invested,checked
EasyCare,The KICKSTARTER,"HealthCare,Health",2.0,Opted Out,Undergraduate
no name yet,The KICKSTARTER,industry,1.0,Opted Out,Undergraduate
MangaRead,The KICKSTARTER,Mobile,2.0,Invested,Undergraduate
Tmed,The KICKSTARTER,"Health,Retail",1.0,Opted Out,Undergraduate
Two ideas:1- virtuals school app  ased on 3 min videos for learning2:streamer with built in camera to help elder people communicate through tv,The LAUNCHER,Education,2.0,Denied,checked
SunCar,The KICKSTARTER,Energy,1.0,Denied,Undergraduate
i - Therapy,The KICKSTARTER,"AR/VR,Health",1.0,Denied,Undergraduate
EcoAc,The KICKSTARTER,"AI/ML,Energy",2.0,Opted Out,Undergraduate
Wolp,The KICKSTARTER,recruitment and employement platform,1.0,Opted Out,Undergraduate
End-To-End Web Platform for ECG Short Strips Tracking and Interpretation,The LAUNCHER,"IOT,Saas,AI/ML",1.0,Denied,Undergraduate
Maxovary,The LAUNCHER,HealthCare,2.0,Invested,Undergraduate
EndOFTraffic,The KICKSTARTER,Automotive,1.0,Opted Out,Undergraduate
rapid biodegradable toilet papers,The KICKSTARTER,waste management,1.0,Denied,Undergraduate
Wood tech,The LAUNCHER,Wood tech,1.0,Denied,checked
Consciousness index,The LAUNCHER,HealthCare,1.0,Relocated to oasis,Undergraduate
Yob,The KICKSTARTER,"Mobile,Marketplace,Find a Job",1.0,Denied,Undergraduate
Publish or Publish,The KICKSTARTER,Education,1.0,Opted Out,Undergraduate
FACilNUEVO,The KICKSTARTER,Marketplace,1.0,Opted Out,Undergraduate
Roommatch,The KICKSTARTER,"Mobile,Social",2.0,Denied,Undergraduate
SeguronZone,The KICKSTARTER,Mobile,1.0,Denied,Undergraduate
i.vus,The KICKSTARTER,"Health,HealthCare",2.0,Opted Out,Undergraduate
it still doesnt have a name... :),The KICKSTARTER,"Agritech,Non profit,Ecology and sustainibility",1.0,Denied,Undergraduate
Co-Beauty,The KICKSTARTER,"HealthCare,Co Working",2.0,Denied,Undergraduate
Fantasticode,The LAUNCHER,Education,2.0,Denied,Undergraduate
Togather,The LAUNCHER,"Marketplace,Mobile,Purchasing Groups",1.0,Denied,Undergraduate
Shake it,The LAUNCHER,Earthquake resistance,2.0,IC But Not Invested,Undergraduate
Gama,The KICKSTARTER,Education,2.0,Opted Out,Undergraduate
active tour (temporary name),The KICKSTARTER,"Social,Services",2.0,Opted Out,Undergraduate
Orgenize your cooking,The KICKSTARTER,Cook,1.0,Opted Out,Undergraduate
neuro+,The KICKSTARTER,Health,2.0,Denied,Undergraduate
Peazy.com,The KICKSTARTER,Saas,2.0,Opted Out,Undergraduate
Genesis AI,The LAUNCHER,"AI/ML,Saas",3.0,Opted Out,checked
Toparking,The KICKSTARTER,Automotive,2.0,Live Pitch Event,Undergraduate
Get Expert,The LAUNCHER,"Education,AI/ML",1.0,Denied,Undergraduate
Gotcha,The LAUNCHER,Automotive,2.0,Opted Out,checked
STURKIT,The KICKSTARTER,Services,2.0,Live Pitch Event,Undergraduate
Green Africa,The KICKSTARTER,"Agritech,Energy,Health",1.0,Denied,Undergraduate
UNIMAP,The KICKSTARTER,Study geography and economics,1.0,Denied,Undergraduate
MonkeyGunz,The LAUNCHER,"Blockchain,Fintech,Gaming",3.0,Denied,Undergraduate
Eco dynamic,The KICKSTARTER,"Energy,Agritech,Health",1.0,Denied,Undergraduate
Challenge Accepted,The KICKSTARTER,"Mobile,AI/ML",1.0,Opted Out,Undergraduate
TPIM- text protection in motion,The LAUNCHER,"AI/ML,Cyber,Saas",3.0,Opted Out,checked
Nitro-gen,The LAUNCHER,Agritech,3.0,IC But Not Invested,Undergraduate
coffee front,The KICKSTARTER,Coffee technology,1.0,Opted Out,Undergraduate
Colorfly,The KICKSTARTER,Real Estate,1.0,Opted Out,Undergraduate
AI Shortcut,The LAUNCHER,"AI/ML,Saas",2.0,Invested,Undergraduate
Orderly,The LAUNCHER,Restaurants,2.0,Denied,checked
Echo Rogue,The KICKSTARTER,Gaming,1.0,Denied,Undergraduate
ElectroBlock,The LAUNCHER,"Cyber,Blockchain,Mobile,Security",3.0,Denied,Undergraduate
floating glasses sleeve ,The KICKSTARTER,"Health,Marketplace",1.0,Opted Out,Undergraduate
CloseCard,The KICKSTARTER,Financial Security,1.0,Opted Out,Undergraduate
InSolution,The LAUNCHER,"Energy,Saas,AI/ML,Real Estate,proptech",3.0,Denied,checked
GameOn,The LAUNCHER,Health,2.0,Application,Undergraduate
Accelerating Machine Learning for the IoT Market,The LAUNCHER,"IOT,AI/ML,Mobile",2.0,Denied,Undergraduate
Skua.ai,The LAUNCHER,"AR/VR,AI/ML,Search and Rescue,Public Safety",3.0,Opted Out,Undergraduate
DV,The KICKSTARTER,"HealthCare,Energy,Health,Mobile",4.0,Opted Out,Undergraduate
Israspa,The LAUNCHER,"HealthCare,Health",1.0,Denied,Undergraduate
it doesn't have a name yet,The KICKSTARTER,Government,1.0,Denied,Undergraduate
Alon,The LAUNCHER,Non profit,1.0,Denied,Undergraduate
חזותית,The KICKSTARTER,"Retail,CRM",1.0,Denied,Undergraduate
Mind Trainer,The LAUNCHER,"HealthCare,Gaming",2.0,Denied,Undergraduate
Tinder for swapping items - Aunty,The KICKSTARTER,Mobile,1.0,Invested,Undergraduate
BugAI,The KICKSTARTER,AI/ML,3.0,Opted Out,Undergraduate
EduVision,The LAUNCHER,"Gaming,AI/ML,Education",4.0,Denied,Undergraduate
Optimizing Doctor Appointments,The KICKSTARTER,"HealthCare,Health,AI/ML,Government,data science",4.0,Opted Out,Undergraduate
taloza store,The KICKSTARTER,Marketplace,1.0,Opted Out,Undergraduate
GOTIT,The KICKSTARTER,"AI/ML,Government",2.0,Opted Out,Undergraduate
ORO,The KICKSTARTER,Real Estate,4.0,Denied,Undergraduate
Skils,The KICKSTARTER,"Education,Marketplace",4.0,Denied,Undergraduate
Dia-bes,The KICKSTARTER,"Health,Non profit,HealthCare,Education",1.0,Denied,Undergraduate
"Buscall - An application that passengers can download to their smartphones.  A passenger that wants to go on a certain bus, will signal the bus on the app.  The app will send the signal to the relevant bus and inform the driver that there’s a passenger awaiting.",The KICKSTARTER,"Mobile,public transportation",1.0,Denied,Undergraduate
Boobies,The LAUNCHER,"HealthCare,Health",3.0,Invested,Undergraduate
Street pro,The LAUNCHER,Gaming,2.0,Denied,Undergraduate
unmask,The KICKSTARTER,Recycling,1.0,Denied,Undergraduate
פריצת גבולות,The LAUNCHER,"Education,Health,Non profit,HealthCare,sport",1.0,Denied,Undergraduate
smart socks,The KICKSTARTER,"Health,HealthCare",2.0,Denied,Undergraduate
Tango,The LAUNCHER,"Health,HealthCare,Mobile,Saas",4.0,Denied,Undergraduate
Social/free market app,The KICKSTARTER,Education,1.0,Opted Out,Undergraduate
LoBigDeal,The LAUNCHER,"AI/ML,Government",3.0,Denied,Undergraduate
MyTorch,The KICKSTARTER,"AI/ML,Help blind individuals navigate safely",1.0,Denied,Undergraduate
sunscreen.io,The KICKSTARTER,Saas,1.0,Denied,Undergraduate
first aid for anaphylaxis,The KICKSTARTER,Health,3.0,Opted Out,Undergraduate
Accessible self-learning platform,The KICKSTARTER,Education,1.0,Denied,Undergraduate
Just Food,The KICKSTARTER,Agritech,2.0,Relocated to oasis,Undergraduate
SOUL - הרעיון שלי עוסק בתחום בריאות הנפש,The KICKSTARTER,Health,1.0,Denied,Undergraduate
jesta,The KICKSTARTER,"Marketplace,Retail,Non profit",1.0,Denied,Undergraduate
Pick,The KICKSTARTER,"Fintech,Mobile",2.0,Opted Out,Undergraduate
Ozen Kashevet,The LAUNCHER,"Non profit,HealthCare",1.0,Denied,Undergraduate
Syndicate,The KICKSTARTER,Fintech,1.0,Check BGU criteria,Undergraduate
Havaya חוויה,The LAUNCHER,"Education,HealthCare,Retail",3.0,Denied,Undergraduate
אשמח לדבר עם בן אדם לפני שאחשוף אותו,The KICKSTARTER,Education,1.0,Opted Out,Undergraduate
Shake It,The KICKSTARTER,Earthquakes resistance,2.0,Invested,Undergraduate
Choosey,The KICKSTARTER,"Marketplace,Retail,Mobile",1.0,Opted Out,Undergraduate
Sportii,The LAUNCHER,IOT,1.0,Denied,Undergraduate
AVIS,The KICKSTARTER,Automotive,1.0,Denied,Undergraduate
Re-plastic,The KICKSTARTER,Energy,1.0,Denied,Undergraduate
myDojo,The LAUNCHER,Saas,4.0,Denied,Undergraduate
Sunscreen.io,The KICKSTARTER,Saas,1.0,Denied,Undergraduate
Stats.,The KICKSTARTER,"Saas,Mobile",2.0,Denied,Undergraduate
PrepMe,The LAUNCHER,Marketplace,2.0,Denied,Undergraduate
a secure computation of operating system,The KICKSTARTER,"IOT,Operating systems",1.0,Denied,Undergraduate
WonnaBet,The KICKSTARTER,Mobile,1.0,Denied,Undergraduate
Yarden,The KICKSTARTER,restaurants,2.0,Opted Out,Undergraduate
אפליקצית ניווט,The KICKSTARTER,Mobile,1.0,Denied,Undergraduate
CatchApp,The KICKSTARTER,"Saas,AI/ML",1.0,Denied,Undergraduate
AI Trainer,The LAUNCHER,"AI/ML,Saas",2.0,Denied,Undergraduate
virtual school,The LAUNCHER,Education,1.0,Denied,Undergraduate
EasyHouse,The KICKSTARTER,Real Estate,1.0,Opted Out,Undergraduate
Home Diagnosis for Breast Cancer,The KICKSTARTER,"Health,HealthCare",2.0,Opted Out,Undergraduate
M-adas,The LAUNCHER,Automotive,4.0,Denied,Undergraduate
Click Delivery,The LAUNCHER,"Marketplace,Retail",2.0,Denied,Undergraduate
"Youlisten-Improving productivity in self learning via video watching , Keeps you focused",The KICKSTARTER,Education,1.0,Opted Out,Undergraduate
Color Comparison between two objects - The ZikoScope,The LAUNCHER,"IOT,HealthCare,Marketplace,Energy,Automotive",2.0,Denied,Undergraduate
SkillSwipe,The KICKSTARTER,"Mobile,AI/ML",2.0,Denied,Undergraduate
alert-me,The KICKSTARTER,Retail,2.0,Opted Out,Undergraduate
UniWorksity,The KICKSTARTER,Non profit,1.0,Opted Out,Undergraduate
Auto Interpretation and Transformation of ECGs strips,The KICKSTARTER,"Health,AI/ML,IOT",1.0,Opted Out,Undergraduate
Tutor,The KICKSTARTER,Education,2.0,Opted Out,Undergraduate
Smenu,The KICKSTARTER,Tech solutions,2.0,Denied,Undergraduate
GRIN,The KICKSTARTER,"IOT,Government,Mobile,Energy",1.0,Denied,Undergraduate
NoName,The KICKSTARTER,"Mobile,Blockchain,Marketplace",1.0,Denied,Undergraduate
Hubrary,The LAUNCHER,content creators economey,4.0,Second Follow-Up,Undergraduate
MelaseNZ - Diagnoztics,The KICKSTARTER,HealthCare,2.0,Denied,Undergraduate
TheraPlay,The LAUNCHER,"HealthCare,AI/ML,AR/VR",4.0,Denied,Undergraduate
Marineford,"THE KICKSTARTER - 10,000₪ (Legacy)","AI/ML,Saas",4.0,Denied,Undergraduate
SynCon,"THE KICKSTARTER - 10,000₪ (Legacy)",Real Estate,4.0,Denied,Undergraduate
CT-City,"THE KICKSTARTER - 10,000₪ (Legacy)",",Government,Automotive",2.0,Opted Out,Undergraduate
Anxiety stress and depression without therapyst,"THE LAUNCHER - 100,000 ₪ (Legacy)","Health,,AR/VR",1.0,Denied,Undergraduate
spidey watch,"THE KICKSTARTER - 10,000₪ (Legacy)",",security",4.0,Denied,Undergraduate
Indepen.Date,"THE KICKSTARTER - 10,000₪ (Legacy)","Health,",2.0,Denied,Undergraduate
StopBot,"THE KICKSTARTER - 10,000₪ (Legacy)",",AI/ML",1.0,Opted Out,Undergraduate
Full body safety harness,"THE KICKSTARTER - 10,000₪ (Legacy)",",Safety",1.0,Denied,Undergraduate
AlcoBid,"THE KICKSTARTER - 10,000₪ (Legacy)",",Fine Wine & Spirits,Marketplace",1.0,Opted Out,Undergraduate
Cor-e,"THE LAUNCHER - 100,000 ₪ (Legacy)","Health,,Fitness",3.0,Opted Out,Undergraduate
Altrainative,"THE LAUNCHER - 100,000 ₪ (Legacy)","Health,",2.0,Denied,Undergraduate
Smart Sprinkler,"THE LAUNCHER - 100,000 ₪ (Legacy)",",Agritech",2.0,Denied,Undergraduate
FireFight,"THE LAUNCHER - 100,000 ₪ (Legacy)",",Cyber,IOT",1.0,Denied,Undergraduate
Gardinio,"THE KICKSTARTER - 10,000₪ (Legacy)",",Mobile,AR/VR",1.0,Denied,Undergraduate
NWoBD,"THE KICKSTARTER - 10,000₪ (Legacy)","Health,",3.0,Denied,Undergraduate
goji,"THE LAUNCHER - 100,000 ₪ (Legacy)","Health,,HealthCare,Marketplace",1.0,Denied,Undergraduate
UMeGo,"THE LAUNCHER - 100,000 ₪ (Legacy)",",Mobile,Marketplace",1.0,Denied,Undergraduate
Pick-share: location base application for sharing stuff.,"THE LAUNCHER - 100,000 ₪ (Legacy)",",Mobile,Marketplace",2.0,Denied,Undergraduate
Data compound,"THE LAUNCHER - 100,000 ₪ (Legacy)",",AI/ML,Saas,Marketplace",2.0,Invested,Undergraduate
hubrary,"THE KICKSTARTER - 10,000₪ (Legacy)",",Marketplace",3.0,Waiting For Money,Undergraduate
Swift Response,"THE KICKSTARTER - 10,000₪ (Legacy)",",Non profit,Mobile",2.0,Denied,Undergraduate
Pie-Live Life Easy,"THE KICKSTARTER - 10,000₪ (Legacy)","Health,,Education",2.0,Denied,Undergraduate
Fakenews hunter,"THE KICKSTARTER - 10,000₪ (Legacy)",",News and magazine/productivity",2.0,Denied,Undergraduate
Lucid Sales,"THE LAUNCHER - 100,000 ₪ (Legacy)",",Saas,Marketplace",4.0,Invested,Undergraduate
vsm-virtual student mall,"THE KICKSTARTER - 10,000₪ (Legacy)",",Marketplace",2.0,Opted Out,Undergraduate
Zavat,"THE KICKSTARTER - 10,000₪ (Legacy)",",HealthCare",1.0,Denied,Undergraduate
Mind Trainer (Sixth Cohort),"THE KICKSTARTER - 10,000₪ (Legacy)","Health,,Gaming,HealthCare",3.0,Denied,Undergraduate
LifeGuard-AI,"THE LAUNCHER - 100,000 ₪ (Legacy)",AI/ML,1.0,Denied,Undergraduate
בזרימה,"THE LAUNCHER - 100,000 ₪ (Legacy)","Legal,Government",2.0,Opted Out,Undergraduate
Manteca AI,"THE LAUNCHER - 100,000 ₪ (Legacy)","Fintech,AI/ML,Saas",2.0,Denied,Undergraduate
Desert Flower Industries,"THE LAUNCHER - 100,000 ₪ (Legacy)","Marketplace,Retail",2.0,Denied,Undergraduate
Perla Medical,"THE LAUNCHER - 100,000 ₪ (Legacy)",HealthCare,1.0,Denied,Undergraduate
Medical Dispenser,"THE LAUNCHER - 100,000 ₪ (Legacy)","HealthCare,Health",1.0,Denied,Undergraduate
2nd Language,"THE LAUNCHER - 100,000 ₪ (Legacy)",Education,2.0,Denied,Undergraduate
NFThrone,"THE LAUNCHER - 100,000 ₪ (Legacy)",",Real Estate,Cyber,Government,Fintech,Blockchain,Marketplace",2.0,Denied,Undergraduate
Welfare in dairy-barn,"THE LAUNCHER - 100,000 ₪ (Legacy)",",AI/ML,Agritech",3.0,Opted Out,Undergraduate
SHARED ACADEMY,"THE LAUNCHER - 100,000 ₪ (Legacy)",",Education",2.0,Denied,Undergraduate
Ofir Englander,"THE KICKSTARTER - 10,000₪ (Legacy)","Health,",1.0,Denied,Undergraduate
Optivf - find the optimal IVF protocol for you,"THE LAUNCHER - 100,000 ₪ (Legacy)",",AI/ML,HealthCare",1.0,Opted Out,Undergraduate
route.ai? (no name yet),"THE KICKSTARTER - 10,000₪ (Legacy)",",AI/ML,HealthCare",1.0,Denied,Undergraduate
clicV,"THE LAUNCHER - 100,000 ₪ (Legacy)",",Saas",2.0,Denied,Undergraduate
RichIQ,"THE LAUNCHER - 100,000 ₪ (Legacy)",",Fintech",2.0,Denied,Undergraduate
Sol,"THE KICKSTARTER - 10,000₪ (Legacy)",",Energy",1.0,Denied,Undergraduate
Ayzex Consulting,"THE LAUNCHER - 100,000 ₪ (Legacy)",",Real Estate,Saas,Marketplace",1.0,Denied,Undergraduate
WooCircles,"THE LAUNCHER - 100,000 ₪ (Legacy)",",Marketplace",1.0,Denied,Undergraduate
PlaceLess,"THE LAUNCHER - 100,000 ₪ (Legacy)",",AI/ML",3.0,Invested,Undergraduate
About The Fit,"THE LAUNCHER - 100,000 ₪ (Legacy)",",AI/ML,Retail,AR/VR,Marketplace",2.0,Opted Out,Undergraduate
RELOW,"THE LAUNCHER - 100,000 ₪ (Legacy)",",Retail,Marketplace",3.0,Denied,Undergraduate
Smart - Cage,"THE LAUNCHER - 100,000 ₪ (Legacy)",",Mobile",1.0,Denied,Undergraduate
Yes we do speak English,"THE KICKSTARTER - 10,000₪ (Legacy)",",Education",1.0,Opted Out,Undergraduate
Spokus Focus,"THE KICKSTARTER - 10,000₪ (Legacy)",",Saas",3.0,Denied,Undergraduate
reMASK,"THE KICKSTARTER - 10,000₪ (Legacy)",",ECO Engineering",2.0,Denied,Undergraduate
Loops,"THE LAUNCHER - 100,000 ₪ (Legacy)",",Mobile",1.0,Denied,Undergraduate
Near me,"THE KICKSTARTER - 10,000₪ (Legacy)",",Mobile",1.0,Denied,Undergraduate
Tréno,"THE LAUNCHER - 100,000 ₪ (Legacy)","Health,",1.0,Denied,Undergraduate
Price Backers,"THE LAUNCHER - 100,000 ₪ (Legacy)",",Fintech",2.0,Invested,Undergraduate
Dialog,"THE LAUNCHER - 100,000 ₪ (Legacy)",",Business",2.0,Denied,Undergraduate
Let's Meet,"Get Ahead 20,000$ (Legacy)",Dating,2.0,Opted Out,Undergraduate
Car parking application,"Get Ahead 20,000$ (Legacy)","""Automotive Mobile IOT Automotive, 
IOT, 
Mobile """,2.0,Denied,Undergraduate
The Treehouse,"Give Back 5,000$ (Legacy)",Education Education,1.0,Denied,Undergraduate
SmartNet,"Get Started 5,000$ (Legacy)","""Energy IOT IOT, 
Energy """,1.0,Denied,Undergraduate
Treepo,"Give Back 5,000$ (Legacy)","""Saas Marketplace Marketplace, 
Saas """,4.0,Up For I.C,Undergraduate
refill,"Get Started 5,000$ (Legacy)",environment,1.0,Denied,Undergraduate
TOM:BGU,"Give Back 5,000$ (Legacy)","""Non profit HealthCare Marketplace Non profit, 
HealthCare, 
Marketplace """,3.0,Denied,Undergraduate
Test Me,"Get Ahead 20,000$ (Legacy)","""Education Mobile Mobile, 
Education """,2.0,Denied,Undergraduate
GeniuScout,"Get Ahead 20,000$ (Legacy)",AI/ML AI/ML,2.0,Up For I.C,Undergraduate
smart waste,"Give Back 5,000$ (Legacy)","""Energy Education Marketplace Education, 
Energy, 
Marketplace """,6.0,Denied,Undergraduate
B - Cycle,"Get Started 5,000$ (Legacy)",Health Health,3.0,Denied,Undergraduate
Count Me In The Office,"Get Ahead 20,000$ (Legacy)",Saas Saas Web Application,3.0,Opted Out,Undergraduate
Kazoom,"Get Started 5,000$ (Legacy)",Education Education,5.0,Denied,Undergraduate
efCut,"Get Ahead 20,000$ (Legacy)",Retail,1.0,Denied,Undergraduate
Marsa,"Get Started 5,000$ (Legacy)","Education,Non profit",0.0,Denied,Undergraduate
DrugcheQ - Prevention of adverse drug  interactions and side effects,"Get Ahead 20,000$ (Legacy)","HealthCare,Mobile,AI/ML,Health",2.0,Up For I.C,Undergraduate
"Probably ""NGF"" for next-gen filters.","Get Started 5,000$ (Legacy)","Energy,HealthCare",1.0,Denied,Undergraduate
Darts On Demand,"Get Ahead 20,000$ (Legacy)",AR/VR,4.0,Ice Box,Undergraduate
P.EYE.NO,"Get Started 5,000$ (Legacy)",MUSIC,2.0,Denied,Undergraduate
HiDrop,"Give Back 5,000$ (Legacy)","Non profit,Agritech",6.0,Up For I.C,Undergraduate
CyberFit למגזר ציבורי,"Get Ahead 20,000$ (Legacy)","Education,Cyber",2.0,Denied,Undergraduate
Studentica,"Get Started 5,000$ (Legacy)","Education,Marketplace",2.0,Denied,Undergraduate
Easy way to get it,"Get Started 5,000$ (Legacy)","Mobile,Cyber,Marketplace,Fintech",1.0,Denied,Undergraduate
3D Green,"Get Started 5,000$ (Legacy)","3D Printing,Enviroment",1.0,Denied,Undergraduate
Own-The-Job,"Get Started 5,000$ (Legacy)","Education,Saas,AI/ML",4.0,Invested,Undergraduate
חוות רימון,"Give Back 5,000$ (Legacy)","Education,Non profit,Agritech",2.0,Denied,Undergraduate
SafeTalk,"Get Ahead 20,000$ (Legacy)","Health,HealthCare,Saas",2.0,Opted Out,Undergraduate
teNGO(Tech-NGO),"Give Back 5,000$ (Legacy)","Government,Education,Non profit,Saas",1.0,Denied,Undergraduate
WeTeach,"Get Ahead 20,000$ (Legacy)","Education,Mobile",1.0,Denied,Undergraduate
Wheat Vertical Farming,"Get Started 5,000$ (Legacy)",Agritech,1.0,Denied,Undergraduate
advertiseMe,"Get Started 5,000$ (Legacy)","AR/VR,Marketplace",2.0,Denied,Undergraduate
3D Printer Filaments Combining,"Get Ahead 20,000$ (Legacy)",3D Printing,2.0,Denied,Undergraduate
Erafre,"Get Started 5,000$ (Legacy)",Social Media,1.0,Denied,Undergraduate
Cor-e,"Get Ahead 20,000$ (Legacy)","IOT,AI/ML",3.0,Denied,Undergraduate
Blocky,"Get Ahead 20,000$ (Legacy)","Education,Mobile,Marketplace,Productivity",5.0,Denied,Undergraduate
SwimSafe,"Get Started 5,000$ (Legacy)",Safety,2.0,Up For I.C,Undergraduate
the ZVOOV system,"Get Ahead 20,000$ (Legacy)","Government,Education,AI/ML",4.0,Denied,Undergraduate
doggy,"Get Started 5,000$ (Legacy)","Mobile,Non profit",1.0,Denied,Undergraduate
Rally,"Get Started 5,000$ (Legacy)",Mobile,2.0,Denied,Undergraduate
Our Pensieve,"Get Ahead 20,000$ (Legacy)",Social,2.0,Denied,Undergraduate
FACEIT,"Give Back 5,000$ (Legacy)",Mobile Mobile,1.0,Denied,Undergraduate
M-ADAS,"Get Started 5,000$ (Legacy)","Automotive,Retail,Saas,AI/ML",3.0,Denied,Undergraduate
AYO-ADVERTISING YOUR OWN,"Get Started 5,000$ (Legacy)",AI/ML,1.0,Denied,Undergraduate
Soda water on the go  instant,"Get Started 5,000$ (Legacy)",beverages,2.0,Denied,Undergraduate
MorEPower,"Get Started 5,000$ (Legacy)",Health,2.0,Denied,Undergraduate
TrueMate,"Get Ahead 20,000$ (Legacy)",Real Estate,3.0,Denied,Undergraduate
Nilus,"Get Ahead 20,000$ (Legacy)","Retail,AI/ML",2.0,Invested,Undergraduate
YogiForYou,"Get Ahead 20,000$ (Legacy)","Mobile,Health,HealthCare",2.0,Denied,Undergraduate
Savanna Sun,"Get Ahead 20,000$ (Legacy)","Energy,Agritech",4.0,Denied,Undergraduate
BioShade,"Get Ahead 20,000$ (Legacy)",Agritech,3.0,Invested,Undergraduate
Effortless Fitness,"Get Started 5,000$ (Legacy)",Health,2.0,Denied,Undergraduate
Answer,"Get Ahead 20,000$ (Legacy)","Government,Education,Cyber,Saas,AI/ML",4.0,Denied,Undergraduate
Runeat,"Get Ahead 20,000$ (Legacy)","Saas,Mobile",4.0,Up For I.C,Undergraduate
HouStudent,"Get Ahead 20,000$ (Legacy)",Social,1.0,Ice Box,Undergraduate
Indy,"Get Ahead 20,000$ (Legacy)","Mobile,Saas,AI/ML,Marketplace",3.0,Opted Out,Undergraduate
